Operador;Tipo Pausa;Fecha inicio;Fecha_fin
MERASO;administrativo;2022-12-22 08:23:10;2022-12-22 08:25:39
NCORONEL;administrativo;2022-12-22 08:23:16;2022-12-22 08:23:28
AREYES;administrativo;2022-12-22 08:23:18;2022-12-22 08:23:49
LRIOS;administrativo;2022-12-22 08:23:43;2022-12-22 08:25:04
tdacunha;descanso;2022-12-22 08:28:38;2022-12-22 08:28:47
CFERREYRA;administrativo;2022-12-22 08:29:14;2022-12-22 08:30:20
LRIOS;administrativo;2022-12-22 08:29:31;2022-12-22 08:30:26
clara;administrativo;2022-12-22 08:29:57;2022-12-22 08:30:20
AREYES;administrativo;2022-12-22 08:30:03;2022-12-22 08:30:07
CFERREYRA;administrativo;2022-12-22 08:33:12;
cgonzalez;administrativo;2022-12-22 08:34:38;2022-12-22 08:36:58
CFERREYRA;administrativo;2022-12-22 08:35:50;2022-12-22 08:36:11
MMAIDANA;administrativo;2022-12-22 08:37:00;2022-12-22 08:37:58
SOSAA;administrativo;2022-12-22 08:37:52;2022-12-22 08:42:40
CFERREYRA;administrativo;2022-12-22 08:38:00;2022-12-22 08:38:53
clara;administrativo;2022-12-22 08:39:01;2022-12-22 08:40:47
LRIOS;administrativo;2022-12-22 08:39:08;2022-12-22 08:41:10
ndelaoliva;administrativo;2022-12-22 08:39:44;2022-12-22 08:40:16
CFERREYRA;administrativo;2022-12-22 08:41:07;2022-12-22 08:42:08
CFERREYRA;administrativo;2022-12-22 08:44:35;2022-12-22 08:45:25
LRIOS;administrativo;2022-12-22 08:48:50;2022-12-22 08:54:26
CFERREYRA;administrativo;2022-12-22 08:50:00;2022-12-22 08:51:35
EBARRERA;administrativo;2022-12-22 08:53:23;2022-12-22 08:58:30
ndelaoliva;administrativo;2022-12-22 08:53:48;2022-12-22 08:54:18
MERASO;administrativo;2022-12-22 08:55:28;2022-12-22 09:00:57
LRIOS;administrativo;2022-12-22 08:56:38;2022-12-22 08:57:52
CFERREYRA;administrativo;2022-12-22 08:58:54;2022-12-22 09:01:57
ndelaoliva;administrativo;2022-12-22 09:00:22;2022-12-22 09:00:44
MERASO;administrativo;2022-12-22 09:05:23;2022-12-22 09:08:23
CFERREYRA;administrativo;2022-12-22 09:07:09;2022-12-22 09:11:54
SOSAA;administrativo;2022-12-22 09:08:41;2022-12-22 09:11:29
cgonzalez;administrativo;2022-12-22 09:12:42;2022-12-22 09:15:43
LRIOS;administrativo;2022-12-22 09:15:18;2022-12-22 09:15:54
CFERREYRA;administrativo;2022-12-22 09:16:50;2022-12-22 09:16:59
FEIRIS;administrativo;2022-12-22 09:19:03;
FEIRIS;administrativo;2022-12-22 09:19:05;2022-12-22 09:29:51
AREYES;administrativo;2022-12-22 09:19:05;2022-12-22 09:29:51
EBARRERA;administrativo;2022-12-22 09:19:06;2022-12-22 09:30:27
VZAPATA;administrativo;2022-12-22 09:19:11;2022-12-22 09:29:35
MDELRIO;administrativo;2022-12-22 09:19:14;2022-12-22 09:29:57
ndelaoliva;administrativo;2022-12-22 09:19:29;2022-12-22 09:30:07
npardi;administrativo;2022-12-22 09:19:33;2022-12-22 09:29:24
MERASO;administrativo;2022-12-22 09:19:41;2022-12-22 09:29:51
LRIOS;administrativo;2022-12-22 09:19:50;2022-12-22 09:30:31
CCACERES;administrativo;2022-12-22 09:20:11;2022-12-22 09:29:40
ALEDESMA;administrativo;2022-12-22 09:20:15;2022-12-22 09:29:47
NCORONEL;administrativo;2022-12-22 09:20:29;2022-12-22 09:29:29
CFERREYRA;administrativo;2022-12-22 09:20:59;2022-12-22 09:29:37
clara;administrativo;2022-12-22 09:21:24;2022-12-22 09:35:56
cterceros;baño;2022-12-22 09:22:14;2022-12-22 09:25:22
SOSAA;administrativo;2022-12-22 09:23:28;2022-12-22 09:34:22
lconstantino;administrativo;2022-12-22 09:23:29;2022-12-22 09:29:33
YGONZALEZ;administrativo;2022-12-22 09:23:42;2022-12-22 09:29:35
CSUAREZ;administrativo;2022-12-22 09:24:15;2022-12-22 09:33:02
tdacunha;administrativo;2022-12-22 09:25:57;2022-12-22 09:30:22
ndelaoliva;administrativo;2022-12-22 09:32:08;2022-12-22 09:32:55
CCACERES;administrativo;2022-12-22 09:32:20;2022-12-22 09:34:16
lconstantino;administrativo;2022-12-22 09:35:07;2022-12-22 09:37:20
npardi;administrativo;2022-12-22 09:35:51;2022-12-22 09:38:06
CCACERES;administrativo;2022-12-22 09:37:03;2022-12-22 09:37:53
CFERREYRA;administrativo;2022-12-22 09:37:07;2022-12-22 09:37:42
MERASO;administrativo;2022-12-22 09:37:27;2022-12-22 09:45:46
YGONZALEZ;baño;2022-12-22 09:38:29;2022-12-22 09:41:31
ndelaoliva;administrativo;2022-12-22 09:39:17;2022-12-22 09:39:44
CCACERES;administrativo;2022-12-22 09:40:37;2022-12-22 09:41:42
LRIOS;administrativo;2022-12-22 09:40:48;2022-12-22 10:05:27
CFERREYRA;administrativo;2022-12-22 09:43:14;2022-12-22 09:43:38
VAZQUEZE;administrativo;2022-12-22 09:43:20;2022-12-22 09:47:14
CCACERES;administrativo;2022-12-22 09:46:35;2022-12-22 09:47:26
MERASO;administrativo;2022-12-22 09:49:07;2022-12-22 09:51:13
ndelaoliva;administrativo;2022-12-22 09:49:54;2022-12-22 09:51:14
npardi;baño;2022-12-22 09:52:27;2022-12-22 09:55:42
NCORONEL;administrativo;2022-12-22 09:53:19;2022-12-22 09:57:09
CFERREYRA;administrativo;2022-12-22 09:53:21;2022-12-22 09:56:12
clara;baño;2022-12-22 09:54:11;2022-12-22 09:58:38
MERASO;administrativo;2022-12-22 09:56:18;2022-12-22 10:07:15
MDELRIO;baño;2022-12-22 09:56:47;2022-12-22 10:00:08
CFERREYRA;administrativo;2022-12-22 09:57:27;2022-12-22 09:58:24
CFERREYRA;administrativo;2022-12-22 09:58:43;2022-12-22 09:58:59
CCACERES;administrativo;2022-12-22 10:02:58;2022-12-22 10:04:03
SOSAA;baño;2022-12-22 10:03:00;2022-12-22 10:05:54
CFERREYRA;administrativo;2022-12-22 10:08:03;2022-12-22 10:11:09
CCACERES;administrativo;2022-12-22 10:08:14;2022-12-22 10:09:08
CCACERES;administrativo;2022-12-22 10:09:15;2022-12-22 10:11:07
ndelaoliva;administrativo;2022-12-22 10:11:01;2022-12-22 10:14:55
CFERREYRA;administrativo;2022-12-22 10:13:45;2022-12-22 10:17:09
CCACERES;administrativo;2022-12-22 10:13:46;2022-12-22 10:14:50
VAZQUEZE;administrativo;2022-12-22 10:13:51;2022-12-22 10:15:27
MERASO;administrativo;2022-12-22 10:13:56;2022-12-22 10:17:44
ALEDESMA;administrativo;2022-12-22 10:16:48;2022-12-22 10:19:36
ndelaoliva;administrativo;2022-12-22 10:17:55;2022-12-22 10:19:14
CFERREYRA;administrativo;2022-12-22 10:18:40;2022-12-22 10:19:01
CFERREYRA;administrativo;2022-12-22 10:19:16;2022-12-22 10:19:37
EBARRERA;administrativo;2022-12-22 10:19:54;2022-12-22 10:36:56
CCACERES;administrativo;2022-12-22 10:20:01;2022-12-22 10:21:40
CFERREYRA;administrativo;2022-12-22 10:23:45;2022-12-22 10:24:27
CFERREYRA;administrativo;2022-12-22 10:24:41;2022-12-22 10:26:43
ldaiana;baño;2022-12-22 10:24:50;2022-12-22 10:31:00
CCACERES;administrativo;2022-12-22 10:26:30;2022-12-22 10:28:59
ndelaoliva;administrativo;2022-12-22 10:27:22;2022-12-22 10:32:42
NCORONEL;administrativo;2022-12-22 10:29:11;2022-12-22 10:37:08
LRIOS;administrativo;2022-12-22 10:30:32;2022-12-22 10:34:38
CFERREYRA;administrativo;2022-12-22 10:30:36;2022-12-22 10:30:51
MERASO;administrativo;2022-12-22 10:30:40;2022-12-22 10:31:53
CFERREYRA;administrativo;2022-12-22 10:32:06;2022-12-22 10:32:15
CCACERES;administrativo;2022-12-22 10:33:57;2022-12-22 10:34:16
CFERREYRA;administrativo;2022-12-22 10:33:58;2022-12-22 10:34:10
CFERREYRA;administrativo;2022-12-22 10:35:10;2022-12-22 10:38:06
CCACERES;administrativo;2022-12-22 10:37:16;2022-12-22 10:40:26
CSUAREZ;administrativo;2022-12-22 10:37:28;2022-12-22 10:43:05
LRIOS;administrativo;2022-12-22 10:37:39;2022-12-22 10:45:45
MERASO;administrativo;2022-12-22 10:38:39;2022-12-22 10:43:55
CFERREYRA;administrativo;2022-12-22 10:38:54;2022-12-22 10:47:11
VAZQUEZE;administrativo;2022-12-22 10:39:01;2022-12-22 10:41:35
SOSAA;administrativo;2022-12-22 10:41:24;2022-12-22 10:51:38
ndelaoliva;administrativo;2022-12-22 10:41:37;2022-12-22 10:50:07
CSUAREZ;administrativo;2022-12-22 10:44:23;2022-12-22 10:44:59
ALEDESMA;administrativo;2022-12-22 10:44:40;2022-12-22 10:48:44
LRIOS;administrativo;2022-12-22 10:47:55;2022-12-22 10:50:19
MERASO;administrativo;2022-12-22 10:49:21;2022-12-22 10:51:07
NSILVERO;baño;2022-12-22 10:51:18;2022-12-22 10:53:43
ndelaoliva;administrativo;2022-12-22 10:53:08;2022-12-22 10:56:04
CFERREYRA;administrativo;2022-12-22 10:57:32;2022-12-22 10:59:18
NCORONEL;administrativo;2022-12-22 10:57:38;2022-12-22 10:57:57
cterceros;baño;2022-12-22 10:59:39;2022-12-22 11:02:42
CFERREYRA;administrativo;2022-12-22 11:00:08;2022-12-22 11:00:27
LRIOS;administrativo;2022-12-22 11:00:22;2022-12-22 11:30:56
ndelaoliva;administrativo;2022-12-22 11:00:54;2022-12-22 11:01:49
CFERREYRA;administrativo;2022-12-22 11:01:25;2022-12-22 11:01:43
CSUAREZ;administrativo;2022-12-22 11:01:47;2022-12-22 11:03:29
NCORONEL;administrativo;2022-12-22 11:02:05;2022-12-22 11:09:38
MERASO;administrativo;2022-12-22 11:02:06;2022-12-22 11:02:57
npardi;descanso;2022-12-22 11:02:39;2022-12-22 11:16:45
CFERREYRA;administrativo;2022-12-22 11:03:45;2022-12-22 11:04:23
ndelaoliva;administrativo;2022-12-22 11:04:17;2022-12-22 11:13:12
BGUERRERO;descanso;2022-12-22 11:06:04;2022-12-22 11:16:35
CFERREYRA;administrativo;2022-12-22 11:06:08;2022-12-22 11:06:54
CFERREYRA;administrativo;2022-12-22 11:08:29;2022-12-22 11:08:51
MERASO;administrativo;2022-12-22 11:09:02;2022-12-22 11:09:44
CFERREYRA;administrativo;2022-12-22 11:10:54;2022-12-22 11:12:00
EBARRERA;administrativo;2022-12-22 11:11:08;2022-12-22 11:22:47
CCACERES;administrativo;2022-12-22 11:13:26;2022-12-22 11:15:06
SOSAA;administrativo;2022-12-22 11:13:43;2022-12-22 11:17:22
CFERREYRA;administrativo;2022-12-22 11:15:06;2022-12-22 11:17:35
lconstantino;administrativo;2022-12-22 11:16:17;2022-12-22 11:22:53
CCACERES;administrativo;2022-12-22 11:16:19;2022-12-22 11:18:25
MERASO;administrativo;2022-12-22 11:17:52;2022-12-22 11:22:35
CFERREYRA;administrativo;2022-12-22 11:18:10;2022-12-22 11:18:34
NCORONEL;administrativo;2022-12-22 11:18:50;2022-12-22 11:25:18
CFERREYRA;administrativo;2022-12-22 11:20:32;2022-12-22 11:20:52
CFERREYRA;administrativo;2022-12-22 11:22:39;2022-12-22 11:22:58
EBARRERA;descanso;2022-12-22 11:22:49;2022-12-22 11:22:51
VFIGUEREDO;descanso;2022-12-22 11:22:52;2022-12-22 11:38:22
EBARRERA;baño;2022-12-22 11:22:53;2022-12-22 11:25:14
MERASO;administrativo;2022-12-22 11:23:01;2022-12-22 11:33:24
ndelaoliva;administrativo;2022-12-22 11:26:26;2022-12-22 11:27:03
ndelaoliva;administrativo;2022-12-22 11:29:27;2022-12-22 11:33:49
CFERREYRA;administrativo;2022-12-22 11:29:47;2022-12-22 11:33:04
CSUAREZ;administrativo;2022-12-22 11:31:25;2022-12-22 11:33:45
NCORONEL;administrativo;2022-12-22 11:31:32;2022-12-22 11:38:18
SOSAA;administrativo;2022-12-22 11:31:35;2022-12-22 11:36:16
clara;administrativo;2022-12-22 11:32:25;2022-12-22 11:33:56
VZAPATA;baño;2022-12-22 11:32:33;2022-12-22 11:34:27
AREYES;administrativo;2022-12-22 11:33:06;2022-12-22 11:34:29
CFERREYRA;administrativo;2022-12-22 11:34:19;2022-12-22 11:34:30
VZAPATA;administrativo;2022-12-22 11:36:25;2022-12-22 11:36:42
clara;administrativo;2022-12-22 11:40:00;2022-12-22 11:43:01
CFERREYRA;administrativo;2022-12-22 11:40:39;2022-12-22 11:41:45
NLUNA;descanso;2022-12-22 11:41:01;2022-12-22 11:56:49
LRIOS;administrativo;2022-12-22 11:41:01;
cfleitas;descanso;2022-12-22 11:41:07;2022-12-22 11:56:36
NCORONEL;descanso;2022-12-22 11:41:35;2022-12-22 11:54:27
CCACERES;descanso;2022-12-22 11:42:23;2022-12-22 11:58:22
CFERREYRA;administrativo;2022-12-22 11:43:34;2022-12-22 11:44:06
CSUAREZ;administrativo;2022-12-22 11:44:11;2022-12-22 11:46:16
MERASO;administrativo;2022-12-22 11:44:30;2022-12-22 11:47:48
btorres;baño;2022-12-22 11:45:25;2022-12-22 11:47:25
CFERREYRA;administrativo;2022-12-22 11:45:33;2022-12-22 11:46:18
mkatherina;descanso;2022-12-22 11:47:00;2022-12-22 12:00:49
ndelaoliva;administrativo;2022-12-22 11:47:09;2022-12-22 11:51:40
VAZQUEZE;administrativo;2022-12-22 11:47:48;2022-12-22 11:50:10
RSOFIA;descanso;2022-12-22 11:48:14;2022-12-22 12:01:07
ALEDESMA;administrativo;2022-12-22 11:48:24;2022-12-22 11:48:48
CFERREYRA;administrativo;2022-12-22 11:48:35;2022-12-22 11:48:47
clara;administrativo;2022-12-22 11:49:53;2022-12-22 11:51:10
CFERREYRA;administrativo;2022-12-22 11:50:06;2022-12-22 11:50:20
EBARRERA;administrativo;2022-12-22 11:51:15;2022-12-22 12:03:46
CFERREYRA;administrativo;2022-12-22 11:51:35;2022-12-22 11:52:08
CFERREYRA;administrativo;2022-12-22 11:53:52;2022-12-22 11:54:14
NCORONEL;administrativo;2022-12-22 11:54:30;2022-12-22 11:56:53
CSUAREZ;administrativo;2022-12-22 11:54:52;2022-12-22 12:01:31
CFERREYRA;administrativo;2022-12-22 11:56:38;2022-12-22 11:56:51
BGUERRERO;baño;2022-12-22 11:58:18;2022-12-22 12:04:10
SOSAA;administrativo;2022-12-22 11:58:44;2022-12-22 12:07:51
CFERREYRA;administrativo;2022-12-22 11:58:56;2022-12-22 11:59:09
ndelaoliva;administrativo;2022-12-22 11:59:45;2022-12-22 12:01:13
NCORONEL;administrativo;2022-12-22 12:00:08;2022-12-22 12:01:38
JIAMBERTI;descanso;2022-12-22 12:00:26;2022-12-22 12:17:27
cterceros;descanso;2022-12-22 12:00:45;2022-12-22 12:17:51
clara;descanso;2022-12-22 12:01:20;2022-12-22 12:19:17
CFERREYRA;administrativo;2022-12-22 12:01:39;2022-12-22 12:01:52
CFERREYRA;administrativo;2022-12-22 12:02:25;2022-12-22 12:06:56
LRIOS;descanso;2022-12-22 12:03:22;2022-12-22 12:12:27
EBARRERA;descanso;2022-12-22 12:03:48;2022-12-22 12:19:55
MERASO;administrativo;2022-12-22 12:04:14;2022-12-22 12:05:36
MERASO;administrativo;2022-12-22 12:05:39;2022-12-22 12:21:28
ALEDESMA;descanso;2022-12-22 12:07:13;2022-12-22 12:25:35
CSUAREZ;administrativo;2022-12-22 12:10:24;2022-12-22 12:13:34
ndelaoliva;administrativo;2022-12-22 12:11:17;2022-12-22 12:13:56
AREYES;administrativo;2022-12-22 12:13:22;2022-12-22 12:15:13
CFERREYRA;administrativo;2022-12-22 12:14:11;2022-12-22 12:15:10
CFERREYRA;administrativo;2022-12-22 12:15:36;2022-12-22 12:17:27
NCORONEL;administrativo;2022-12-22 12:16:49;2022-12-22 12:26:05
CCACERES;administrativo;2022-12-22 12:17:04;2022-12-22 12:18:18
MBENABIDES;descanso;2022-12-22 12:17:26;2022-12-22 12:34:08
ndelaoliva;administrativo;2022-12-22 12:18:41;
CFERREYRA;administrativo;2022-12-22 12:19:43;2022-12-22 12:20:44
gaspaz;descanso;2022-12-22 12:20:51;2022-12-22 12:36:51
CFERREYRA;administrativo;2022-12-22 12:21:18;2022-12-22 12:22:00
ABORELLA;descanso;2022-12-22 12:21:57;2022-12-22 12:35:07
VDACOSTA;descanso;2022-12-22 12:23:58;2022-12-22 12:39:36
ASAMANIEGO;administrativo;2022-12-22 12:24:14;2022-12-22 12:24:56
CSUAREZ;administrativo;2022-12-22 12:25:24;2022-12-22 12:25:50
MDELRIO;descanso;2022-12-22 12:25:34;2022-12-22 12:25:37
LRIOS;administrativo;2022-12-22 12:25:50;2022-12-22 12:26:56
CSUAREZ;descanso;2022-12-22 12:25:53;2022-12-22 12:40:55
MERASO;administrativo;2022-12-22 12:25:54;2022-12-22 12:28:19
MDELRIO;descanso;2022-12-22 12:25:59;2022-12-22 12:40:48
CFERREYRA;administrativo;2022-12-22 12:26:40;2022-12-22 12:28:37
CMONTENEGRO;descanso;2022-12-22 12:28:02;2022-12-22 12:28:07
CMONTENEGRO;administrativo;2022-12-22 12:28:13;2022-12-22 12:28:19
SOSAA;administrativo;2022-12-22 12:28:46;2022-12-22 12:31:23
NCORONEL;administrativo;2022-12-22 12:28:57;2022-12-22 12:30:10
CFERREYRA;administrativo;2022-12-22 12:29:23;2022-12-22 12:33:22
CMONTENEGRO;descanso;2022-12-22 12:30:20;2022-12-22 13:52:37
MERASO;administrativo;2022-12-22 12:31:00;2022-12-22 12:32:39
CFERREYRA;administrativo;2022-12-22 12:34:13;2022-12-22 12:35:04
CFERREYRA;administrativo;2022-12-22 12:35:28;2022-12-22 12:40:18
VAZQUEZE;administrativo;2022-12-22 12:36:10;2022-12-22 12:43:02
ndelaoliva;administrativo;2022-12-22 12:40:07;2022-12-22 12:44:32
SOSAA;descanso;2022-12-22 12:41:16;2022-12-22 12:54:34
btorres;descanso;2022-12-22 12:41:28;2022-12-22 12:56:40
CCACERES;administrativo;2022-12-22 12:41:36;2022-12-22 12:41:56
FEIRIS;descanso;2022-12-22 12:41:41;2022-12-22 12:55:16
CFERREYRA;administrativo;2022-12-22 12:41:51;2022-12-22 12:41:53
bcantero;descanso;2022-12-22 12:41:52;2022-12-22 12:56:49
CFERREYRA;administrativo;2022-12-22 12:42:50;2022-12-22 12:44:20
lconstantino;descanso;2022-12-22 12:43:23;2022-12-22 12:43:40
LRIOS;administrativo;2022-12-22 12:43:40;2022-12-22 12:48:29
VAZQUEZE;descanso;2022-12-22 12:44:04;2022-12-22 12:56:12
lconstantino;descanso;2022-12-22 12:44:07;2022-12-22 13:00:21
caguirre;descanso;2022-12-22 12:44:23;2022-12-22 13:50:13
CFERREYRA;administrativo;2022-12-22 12:45:25;2022-12-22 12:46:17
cgonzalez;descanso;2022-12-22 12:46:45;2022-12-22 13:01:27
ndelaoliva;administrativo;2022-12-22 12:47:15;2022-12-22 12:48:45
CFERREYRA;administrativo;2022-12-22 12:47:33;2022-12-22 12:49:11
YGONZALEZ;descanso;2022-12-22 12:48:51;2022-12-22 13:01:51
ndelaoliva;administrativo;2022-12-22 12:49:48;2022-12-22 12:50:54
MERASO;administrativo;2022-12-22 12:50:13;2022-12-22 12:52:32
clara;administrativo;2022-12-22 12:51:03;2022-12-22 12:59:48
ndelaoliva;administrativo;2022-12-22 12:51:23;2022-12-22 12:52:18
LRIOS;administrativo;2022-12-22 12:51:31;2022-12-22 12:52:29
ndelaoliva;administrativo;2022-12-22 12:53:33;2022-12-22 12:55:48
CCACERES;administrativo;2022-12-22 12:53:36;2022-12-22 12:56:37
NCORONEL;administrativo;2022-12-22 12:53:37;2022-12-22 12:56:20
CFERREYRA;administrativo;2022-12-22 12:54:54;2022-12-22 13:02:27
ndelaoliva;descanso;2022-12-22 13:00:36;2022-12-22 13:15:10
tdacunha;descanso;2022-12-22 13:01:41;2022-12-22 13:17:50
cbaez;descanso;2022-12-22 13:01:42;2022-12-22 13:17:20
ASAMANIEGO;administrativo;2022-12-22 13:02:47;2022-12-22 13:03:47
MERASO;administrativo;2022-12-22 13:02:57;2022-12-22 13:05:31
CFERREYRA;administrativo;2022-12-22 13:03:20;2022-12-22 13:04:33
martinezc;descanso;2022-12-22 13:03:33;2022-12-22 13:18:08
clara;baño;2022-12-22 13:04:40;2022-12-22 13:04:44
CFERREYRA;administrativo;2022-12-22 13:05:02;2022-12-22 13:10:12
NSILVERO;descanso;2022-12-22 13:06:12;2022-12-22 13:20:04
TSOTELO;descanso;2022-12-22 13:06:24;
TSOTELO;descanso;2022-12-22 13:06:25;2022-12-22 13:20:59
AREYES;descanso;2022-12-22 13:06:41;2022-12-22 13:20:31
clara;baño;2022-12-22 13:10:39;2022-12-22 13:22:01
LRIOS;administrativo;2022-12-22 13:10:41;2022-12-22 13:13:16
CFERREYRA;administrativo;2022-12-22 13:11:11;2022-12-22 13:11:39
CFERREYRA;administrativo;2022-12-22 13:14:14;2022-12-22 13:16:27
renafer;descanso;2022-12-22 13:14:19;2022-12-22 13:28:42
CFERREYRA;administrativo;2022-12-22 13:16:30;2022-12-22 13:34:21
LRIOS;administrativo;2022-12-22 13:16:31;2022-12-22 13:33:55
clara;baño;2022-12-22 13:22:03;2022-12-22 13:37:54
NCORONEL;administrativo;2022-12-22 13:22:13;2022-12-22 13:24:29
ASAMANIEGO;descanso;2022-12-22 13:22:33;2022-12-22 13:31:01
ldaiana;descanso;2022-12-22 13:22:56;2022-12-22 13:37:53
MERASO;administrativo;2022-12-22 13:24:00;2022-12-22 13:31:09
VZAPATA;descanso;2022-12-22 13:27:26;2022-12-22 13:34:13
CSUAREZ;administrativo;2022-12-22 13:29:16;2022-12-22 13:33:40
Gcami;descanso;2022-12-22 13:31:51;2022-12-22 13:47:13
MMAIDANA;descanso;2022-12-22 13:33:59;2022-12-22 13:48:41
ASAMANIEGO;descanso;2022-12-22 13:36:00;2022-12-22 13:49:00
npardi;administrativo;2022-12-22 13:37:16;2022-12-22 13:38:36
CFERREYRA;administrativo;2022-12-22 13:38:07;2022-12-22 13:38:39
CFERREYRA;administrativo;2022-12-22 13:39:32;2022-12-22 13:45:23
erikag;descanso;2022-12-22 13:45:21;2022-12-22 14:00:59
mrybak;descanso;2022-12-22 13:45:42;2022-12-22 13:59:01
CFERREYRA;administrativo;2022-12-22 13:45:50;2022-12-22 13:46:45
NCORONEL;administrativo;2022-12-22 13:46:25;2022-12-22 13:52:58
ndelaoliva;administrativo;2022-12-22 13:57:25;2022-12-22 14:04:28
MDELRIO;baño;2022-12-22 13:57:33;2022-12-22 14:00:40
MERASO;administrativo;2022-12-22 13:58:13;2022-12-22 14:20:05
CFERREYRA;administrativo;2022-12-22 14:00:25;2022-12-22 14:00:54
CSUAREZ;administrativo;2022-12-22 14:01:09;2022-12-22 14:02:06
CMONTENEGRO;administrativo;2022-12-22 14:03:08;2022-12-22 14:09:16
ndelaoliva;administrativo;2022-12-22 14:04:46;2022-12-22 14:06:08
NCORONEL;administrativo;2022-12-22 14:08:33;2022-12-22 14:10:07
CFERREYRA;administrativo;2022-12-22 14:08:44;2022-12-22 14:10:11
CSUAREZ;administrativo;2022-12-22 14:09:04;2022-12-22 14:11:38
CCACERES;administrativo;2022-12-22 14:09:23;2022-12-22 14:10:32
CFERREYRA;administrativo;2022-12-22 14:10:41;2022-12-22 14:13:54
LRIOS;administrativo;2022-12-22 14:14:10;2022-12-22 14:21:12
CFERREYRA;administrativo;2022-12-22 14:14:22;2022-12-22 14:15:19
CFERREYRA;administrativo;2022-12-22 14:21:09;2022-12-22 14:21:29
CFERREYRA;administrativo;2022-12-22 14:25:40;2022-12-22 14:26:31
lcastresana;administrativo;2022-12-22 14:34:19;2022-12-22 14:35:17
VVILLARROEL;administrativo;2022-12-22 14:35:01;2022-12-22 14:35:32
LCANO;administrativo;2022-12-22 14:35:03;2022-12-22 14:35:46
AECKERDT;administrativo;2022-12-22 14:37:29;2022-12-22 14:43:14
fberger;administrativo;2022-12-22 14:37:32;2022-12-22 14:43:08
ZDOMIC;administrativo;2022-12-22 14:37:46;2022-12-22 14:43:05
LCANO;administrativo;2022-12-22 14:40:25;2022-12-22 14:44:23
CMORALES;administrativo;2022-12-22 14:41:16;2022-12-22 14:44:54
VVILLARROEL;administrativo;2022-12-22 14:45:40;2022-12-22 14:47:43
LCANO;administrativo;2022-12-22 14:50:32;2022-12-22 14:55:31
lcastresana;administrativo;2022-12-22 15:03:30;2022-12-22 15:06:22
FGARNICA;administrativo;2022-12-22 15:12:43;2022-12-22 15:13:11
VVILLARROEL;administrativo;2022-12-22 15:12:46;2022-12-22 15:17:33
LCANO;administrativo;2022-12-22 15:20:09;2022-12-22 15:21:11
ALANIERI;administrativo;2022-12-22 15:34:55;2022-12-22 16:22:50
lcastresana;administrativo;2022-12-22 15:36:24;2022-12-22 15:37:33
NSOLIS;administrativo;2022-12-22 15:39:50;2022-12-22 15:44:01
lcastresana;administrativo;2022-12-22 15:42:54;2022-12-22 15:49:41
LCANO;administrativo;2022-12-22 15:48:44;2022-12-22 15:49:47
LCANO;administrativo;2022-12-22 15:55:17;2022-12-22 15:56:55
lcastresana;administrativo;2022-12-22 15:57:42;2022-12-22 15:58:37
LCANO;administrativo;2022-12-22 15:58:50;2022-12-22 15:59:00
lcastresana;administrativo;2022-12-22 16:00:25;2022-12-22 16:01:45
lcastresana;administrativo;2022-12-22 16:06:21;2022-12-22 16:08:06
CFILGUEIRA;administrativo;2022-12-22 16:12:37;2022-12-22 16:21:54
fgarnica;administrativo;2022-12-22 16:12:46;2022-12-22 16:14:58
VVILLARROEL;administrativo;2022-12-22 16:13:02;2022-12-22 16:13:54
smilagro;administrativo;2022-12-22 16:13:13;2022-12-22 16:16:47
lcastresana;administrativo;2022-12-22 16:13:52;2022-12-22 16:15:39
VVILLARROEL;administrativo;2022-12-22 16:14:16;2022-12-22 16:15:27
VVILLARROEL;administrativo;2022-12-22 16:15:30;2022-12-22 16:16:09
lcastresana;administrativo;2022-12-22 16:16:42;2022-12-22 16:17:48
VVILLARROEL;administrativo;2022-12-22 16:19:23;2022-12-22 16:20:51
lcastresana;administrativo;2022-12-22 16:21:05;2022-12-22 16:21:30
fgarnica;administrativo;2022-12-22 16:21:28;2022-12-22 16:27:41
VVILLARROEL;administrativo;2022-12-22 16:22:29;2022-12-22 16:22:47
LCANO;administrativo;2022-12-22 16:25:48;2022-12-22 16:30:22
VVILLARROEL;administrativo;2022-12-22 16:26:03;2022-12-22 16:27:55
lcastresana;administrativo;2022-12-22 16:27:00;2022-12-22 16:27:53
lcastresana;administrativo;2022-12-22 16:28:18;2022-12-22 16:28:42
ADANIELA;administrativo;2022-12-22 16:32:35;2022-12-22 16:32:49
ADANIELA;administrativo;2022-12-22 16:33:56;2022-12-22 16:34:31
VVILLARROEL;administrativo;2022-12-22 16:35:51;2022-12-22 16:38:34
NSOLIS;administrativo;2022-12-22 16:35:57;2022-12-22 16:38:43
LCANO;administrativo;2022-12-22 16:36:47;2022-12-22 16:38:28
VVILLARROEL;administrativo;2022-12-22 16:38:38;
fgarnica;administrativo;2022-12-22 16:55:16;2022-12-22 16:57:08
smilagro;administrativo;2022-12-22 16:57:07;2022-12-22 17:19:17
NRODRIGUEZ;baño;2022-12-22 16:57:32;2022-12-22 17:01:21
fgarnica;administrativo;2022-12-22 16:58:58;2022-12-22 17:00:11
MCEJKO;descanso;2022-12-22 17:02:24;2022-12-22 17:16:22
LCANO;administrativo;2022-12-22 17:04:15;2022-12-22 17:06:37
lsaine;descanso;2022-12-22 17:05:05;2022-12-22 17:19:52
LCANO;administrativo;2022-12-22 17:06:42;2022-12-22 17:06:47
LCANO;administrativo;2022-12-22 17:14:01;
mardissone;descanso;2022-12-22 17:18:17;2022-12-22 17:30:15
lcastresana;administrativo;2022-12-22 17:19:09;2022-12-22 17:21:04
LCARRA;administrativo;2022-12-22 17:21:34;2022-12-22 17:38:22
LCANO;administrativo;2022-12-22 17:21:57;2022-12-22 17:29:05
fgarnica;administrativo;2022-12-22 17:22:29;2022-12-22 17:30:33
ZDOMIC;descanso;2022-12-22 17:22:53;2022-12-22 17:37:15
BETCHEVERRY;administrativo;2022-12-22 17:34:04;2022-12-22 17:36:40
gfaguaga;descanso;2022-12-22 17:35:22;2022-12-22 17:49:49
NSOLIS;descanso;2022-12-22 17:35:42;2022-12-22 17:51:06
CMORALES;descanso;2022-12-22 17:36:03;2022-12-22 17:50:26
BETCHEVERRY;administrativo;2022-12-22 17:39:27;2022-12-22 17:44:30
fgarnica;administrativo;2022-12-22 17:40:02;2022-12-22 17:42:28
efigueroa;descanso;2022-12-22 17:40:28;2022-12-22 17:56:55
AECKERDT;descanso;2022-12-22 17:40:58;2022-12-22 17:41:03
AECKERDT;descanso;2022-12-22 17:41:12;2022-12-22 17:58:59
jquinonez;descanso;2022-12-22 17:43:31;2022-12-22 17:59:02
fgarnica;administrativo;2022-12-22 17:45:48;2022-12-22 17:46:26
clopez;administrativo;2022-12-22 17:46:28;2022-12-22 18:04:43
smilagro;baño;2022-12-22 17:46:39;2022-12-22 17:46:42
smilagro;descanso;2022-12-22 17:46:44;2022-12-22 18:07:28
LCANO;administrativo;2022-12-22 17:46:49;2022-12-22 17:48:19
SWASZCZUK;descanso;2022-12-22 17:48:11;2022-12-22 18:03:33
PMICAELA;descanso;2022-12-22 17:48:17;2022-12-22 18:03:12
fgarnica;administrativo;2022-12-22 17:48:20;2022-12-22 17:52:06
fgonzalez;descanso;2022-12-22 17:49:55;2022-12-22 18:05:55
bcami;descanso;2022-12-22 17:50:59;2022-12-22 18:05:08
AMESSINA;descanso;2022-12-22 17:51:27;2022-12-22 18:06:44
LCANO;administrativo;2022-12-22 17:55:46;2022-12-22 17:57:31
fgarnica;administrativo;2022-12-22 17:55:49;2022-12-22 18:00:35
BRAVOL;descanso;2022-12-22 18:00:54;2022-12-22 18:17:24
LCARRA;administrativo;2022-12-22 18:01:04;2022-12-22 18:07:30
FSALAS;descanso;2022-12-22 18:02:04;2022-12-22 18:17:05
calmiron;descanso;2022-12-22 18:02:09;2022-12-22 18:17:58
fgarnica;descanso;2022-12-22 18:02:41;2022-12-22 18:19:08
FMENDEZ;descanso;2022-12-22 18:03:38;2022-12-22 18:16:18
apicon;descanso;2022-12-22 18:04:04;2022-12-22 18:18:43
mgallardo;descanso;2022-12-22 18:04:43;2022-12-22 18:19:06
alvarezn;descanso;2022-12-22 18:04:55;2022-12-22 18:18:19
LCANO;administrativo;2022-12-22 18:10:13;2022-12-22 18:12:42
LCANO;administrativo;2022-12-22 18:12:46;2022-12-22 18:19:50
BETCHEVERRY;administrativo;2022-12-22 18:13:28;2022-12-22 18:17:45
SWASZCZUK;baño;2022-12-22 18:17:33;2022-12-23 08:20:05
fgarnica;administrativo;2022-12-22 18:19:13;2022-12-22 18:45:34
LCANO;administrativo;2022-12-22 18:19:55;2022-12-22 18:20:05
LCANO;descanso;2022-12-22 18:20:08;2022-12-22 18:37:52
zmendoza;descanso;2022-12-22 18:20:09;2022-12-22 18:37:27
svega;descanso;2022-12-22 18:21:35;2022-12-22 18:34:37
NSOLIS;administrativo;2022-12-22 18:22:32;2022-12-22 18:28:32
BETCHEVERRY;baño;2022-12-22 18:24:31;2022-12-22 18:26:04
ygarguillo;descanso;2022-12-22 18:28:25;2022-12-22 18:42:50
BETCHEVERRY;administrativo;2022-12-22 18:29:00;2022-12-22 18:31:35
VHERMS;descanso;2022-12-22 18:30:08;2022-12-22 18:45:25
BETCHEVERRY;descanso;2022-12-22 18:31:39;2022-12-22 18:32:03
LCARRA;administrativo;2022-12-22 18:31:58;2022-12-22 18:33:31
BETCHEVERRY;descanso;2022-12-22 18:32:06;2022-12-22 18:47:52
jaquino;descanso;2022-12-22 18:32:21;2022-12-22 18:33:17
jaquino;descanso;2022-12-22 18:33:20;2022-12-22 18:47:56
LCARRA;descanso;2022-12-22 18:33:35;2022-12-22 18:48:22
smilagro;administrativo;2022-12-22 18:36:03;2022-12-22 18:44:37
NRODRIGUEZ;descanso;2022-12-22 18:40:42;2022-12-22 18:55:58
bsubelza;descanso;2022-12-22 18:45:21;2022-12-22 19:00:50
nandrich;descanso;2022-12-22 18:46:11;2022-12-22 19:00:43
fgarnica;administrativo;2022-12-22 18:52:30;2022-12-22 19:06:10
NSOLIS;administrativo;2022-12-22 18:54:08;2022-12-22 19:00:05
ALANIERI;baño;2022-12-22 18:56:57;2022-12-22 19:01:23
rtassone;descanso;2022-12-22 18:59:47;2022-12-22 19:13:36
mnunez;descanso;2022-12-22 19:01:42;2022-12-22 19:15:21
anunez;descanso;2022-12-22 19:01:44;2022-12-22 19:15:24
jaquino;baño;2022-12-22 19:04:11;2022-12-22 19:07:21
yacampos;descanso;2022-12-22 19:04:56;2022-12-22 19:20:09
abidondo;descanso;2022-12-22 19:05:09;2022-12-22 19:20:08
gfaguaga;baño;2022-12-22 19:06:32;2022-12-22 19:11:47
LCANO;administrativo;2022-12-22 19:09:14;2022-12-22 19:10:58
ADANIELA;administrativo;2022-12-22 19:09:30;2022-12-22 19:10:11
smilagro;administrativo;2022-12-22 19:15:27;2022-12-22 19:18:37
LCANO;administrativo;2022-12-22 19:16:23;2022-12-22 19:24:29
gbejarano;baño;2022-12-22 19:16:33;2022-12-22 19:19:32
jquinonez;baño;2022-12-22 19:21:18;2022-12-22 19:25:32
LCANO;baño;2022-12-22 19:26:54;2022-12-22 19:30:23
aaquino;descanso;2022-12-22 19:27:33;2022-12-22 19:42:14
CFILGUEIRA;baño;2022-12-22 19:30:07;2022-12-22 19:32:58
aduarte;baño;2022-12-22 19:33:10;2022-12-22 19:35:19
pvalenzuela;descanso;2022-12-22 19:33:58;2022-12-22 19:49:05
pbufano;descanso;2022-12-22 19:35:05;2022-12-22 20:03:32
LCANO;administrativo;2022-12-22 19:36:56;2022-12-22 19:37:37
BETCHEVERRY;baño;2022-12-22 19:37:18;2022-12-22 19:39:37
LCANO;administrativo;2022-12-22 19:37:41;2022-12-22 19:38:07
fgarnica;administrativo;2022-12-22 19:40:16;2022-12-22 19:42:18
BETCHEVERRY;administrativo;2022-12-22 19:43:31;2022-12-22 19:44:59
CMORALES;administrativo;2022-12-22 19:50:04;2022-12-22 19:50:09
CMORALES;baño;2022-12-22 19:50:16;2022-12-22 19:53:39
gbejarano;baño;2022-12-22 19:53:48;2022-12-22 19:59:05
fgarnica;administrativo;2022-12-22 19:56:22;2022-12-22 19:56:28
fgarnica;administrativo;2022-12-22 20:02:51;2022-12-22 20:03:06
AECKERDT;administrativo;2022-12-22 20:20:29;2022-12-22 20:22:34
LCANO;administrativo;2022-12-22 20:27:23;2022-12-22 20:27:30
gbejarano;baño;2022-12-22 20:28:31;2022-12-22 20:28:35
lcastresana;administrativo;2022-12-22 20:30:54;2022-12-22 20:31:20

